user_id,signup_date,channel,country
1,2025-04-13,organic,IN
2,2025-06-29,organic,IN
3,2025-04-03,paid_search,UK
4,2025-01-15,referral,US
5,2025-04-17,organic,IN
6,2025-03-13,organic,UK
7,2025-01-21,paid_search,IN
8,2025-04-13,referral,IN
9,2025-05-02,paid_search,UK
10,2025-03-16,paid_search,US
11,2025-03-29,organic,UK
12,2025-04-27,organic,IN
13,2025-04-10,referral,DE
14,2025-04-14,referral,US
15,2025-06-01,organic,US
16,2025-05-11,referral,US
17,2025-05-30,social,DE
18,2025-02-22,email,US
19,2025-01-02,paid_search,US
20,2025-03-29,paid_search,SG
21,2025-06-07,paid_search,UK
22,2025-02-07,social,US
23,2025-05-10,organic,UK
24,2025-01-21,organic,IN
25,2025-06-10,paid_search,IN
26,2025-02-27,social,US
27,2025-01-22,organic,SG
28,2025-03-30,social,SG
29,2025-02-18,referral,IN
30,2025-02-28,organic,US
31,2025-06-19,social,IN
32,2025-01-15,paid_search,SG
33,2025-06-24,email,SG
34,2025-02-20,organic,US
35,2025-04-18,social,DE
36,2025-02-24,email,UK
37,2025-03-05,referral,US
38,2025-05-11,social,IN
39,2025-02-20,paid_search,US
40,2025-05-15,social,UK
41,2025-01-21,email,UK
42,2025-03-14,social,IN
43,2025-06-16,organic,SG
44,2025-01-18,referral,IN
45,2025-05-12,social,US
46,2025-03-30,social,UK
47,2025-03-01,organic,UK
48,2025-01-14,social,US
49,2025-01-09,paid_search,IN
50,2025-03-31,social,IN
51,2025-02-22,organic,US
52,2025-05-10,social,US
53,2025-03-25,referral,IN
54,2025-04-02,organic,UK
55,2025-04-21,referral,US
56,2025-06-21,paid_search,UK
57,2025-01-08,email,DE
58,2025-06-24,email,IN
59,2025-02-04,social,IN
60,2025-03-22,social,UK
61,2025-06-13,email,US
62,2025-02-19,paid_search,UK
63,2025-04-14,paid_search,DE
64,2025-05-12,social,DE
65,2025-01-02,email,SG
66,2025-05-14,email,US
67,2025-02-23,email,US
68,2025-04-16,paid_search,US
69,2025-01-04,email,IN
70,2025-02-23,organic,US
71,2025-05-26,paid_search,IN
72,2025-02-13,organic,SG
73,2025-06-11,paid_search,US
74,2025-01-14,paid_search,US
75,2025-04-05,paid_search,IN
76,2025-02-17,social,IN
77,2025-01-15,paid_search,IN
78,2025-02-09,paid_search,US
79,2025-03-23,organic,IN
80,2025-04-21,paid_search,US
81,2025-02-22,organic,DE
82,2025-01-24,organic,DE
83,2025-06-03,social,UK
84,2025-05-04,social,IN
85,2025-02-10,social,DE
86,2025-06-06,paid_search,DE
87,2025-01-15,paid_search,IN
88,2025-02-14,email,UK
89,2025-03-06,paid_search,IN
90,2025-03-30,paid_search,DE
91,2025-03-12,organic,SG
92,2025-01-09,paid_search,IN
93,2025-03-29,paid_search,DE
94,2025-05-09,paid_search,US
95,2025-05-16,social,SG
96,2025-03-04,paid_search,US
97,2025-05-19,social,DE
98,2025-03-22,email,IN
99,2025-05-16,email,IN
100,2025-06-12,social,IN
101,2025-06-12,referral,SG
102,2025-02-02,organic,DE
103,2025-05-03,organic,DE
104,2025-01-05,organic,SG
105,2025-02-10,social,IN
106,2025-01-28,email,IN
107,2025-05-15,organic,IN
108,2025-03-13,referral,IN
109,2025-01-12,organic,IN
110,2025-06-11,referral,US
111,2025-02-02,paid_search,IN
112,2025-02-17,organic,IN
113,2025-05-31,paid_search,IN
114,2025-03-03,organic,IN
115,2025-02-06,organic,SG
116,2025-04-09,paid_search,UK
117,2025-06-21,email,SG
118,2025-04-14,paid_search,US
119,2025-02-04,paid_search,IN
120,2025-04-11,social,UK
121,2025-06-24,social,IN
122,2025-05-11,organic,IN
123,2025-01-01,paid_search,IN
124,2025-01-05,organic,IN
125,2025-05-22,organic,IN
126,2025-04-13,social,IN
127,2025-01-27,organic,UK
128,2025-05-17,paid_search,IN
129,2025-01-15,social,IN
130,2025-03-31,organic,DE
131,2025-02-11,social,IN
132,2025-05-04,organic,IN
133,2025-06-28,referral,DE
134,2025-03-04,paid_search,IN
135,2025-04-06,email,IN
136,2025-02-21,social,US
137,2025-04-06,organic,IN
138,2025-05-12,social,US
139,2025-05-31,referral,DE
140,2025-05-23,social,IN
141,2025-06-20,email,US
142,2025-01-29,email,US
143,2025-02-05,organic,IN
144,2025-01-13,organic,US
145,2025-06-09,social,IN
146,2025-03-12,paid_search,US
147,2025-03-27,email,IN
148,2025-01-28,referral,US
149,2025-03-07,paid_search,IN
150,2025-06-19,organic,DE
151,2025-02-14,email,IN
152,2025-03-03,organic,US
153,2025-05-14,email,US
154,2025-01-28,paid_search,UK
155,2025-01-28,social,US
156,2025-04-18,organic,UK
157,2025-02-13,social,UK
158,2025-03-25,paid_search,DE
159,2025-01-30,social,IN
160,2025-03-16,organic,US
161,2025-05-08,social,DE
162,2025-04-02,email,SG
163,2025-05-09,organic,DE
164,2025-05-01,organic,IN
165,2025-01-27,organic,IN
166,2025-05-01,social,US
167,2025-04-26,social,UK
168,2025-01-03,paid_search,US
169,2025-04-13,organic,US
170,2025-06-04,paid_search,DE
171,2025-05-17,social,IN
172,2025-03-03,paid_search,DE
173,2025-06-14,referral,US
174,2025-02-20,organic,IN
175,2025-06-21,social,US
176,2025-06-01,paid_search,UK
177,2025-02-28,paid_search,IN
178,2025-04-28,social,IN
179,2025-06-09,social,SG
180,2025-04-06,referral,IN
181,2025-06-29,organic,US
182,2025-04-23,organic,US
183,2025-03-03,social,US
184,2025-02-21,social,US
185,2025-01-12,organic,IN
186,2025-02-08,organic,US
187,2025-05-10,organic,IN
188,2025-05-11,email,UK
189,2025-04-23,organic,IN
190,2025-04-11,paid_search,US
191,2025-04-23,organic,IN
192,2025-03-22,paid_search,IN
193,2025-04-23,organic,IN
194,2025-01-02,paid_search,IN
195,2025-05-10,organic,DE
196,2025-02-23,email,IN
197,2025-03-28,organic,SG
198,2025-05-09,paid_search,SG
199,2025-05-27,email,US
200,2025-05-06,social,IN
201,2025-05-10,paid_search,IN
202,2025-02-22,paid_search,UK
203,2025-06-21,paid_search,IN
204,2025-06-09,social,IN
205,2025-06-09,referral,US
206,2025-03-09,social,DE
207,2025-05-03,social,UK
208,2025-05-25,social,IN
209,2025-02-07,paid_search,UK
210,2025-01-24,organic,IN
211,2025-03-10,social,IN
212,2025-04-26,referral,DE
213,2025-04-08,organic,IN
214,2025-05-19,social,IN
215,2025-05-24,organic,IN
216,2025-04-07,paid_search,DE
217,2025-05-04,organic,UK
218,2025-03-11,paid_search,US
219,2025-04-03,email,UK
220,2025-01-03,paid_search,IN
221,2025-05-28,social,US
222,2025-06-13,email,IN
223,2025-05-27,referral,IN
224,2025-03-31,organic,US
225,2025-05-27,paid_search,SG
226,2025-05-28,organic,IN
227,2025-04-06,referral,IN
228,2025-02-21,referral,IN
229,2025-06-10,paid_search,IN
230,2025-06-17,email,SG
231,2025-05-08,paid_search,US
232,2025-02-08,social,US
233,2025-03-23,organic,UK
234,2025-04-14,email,IN
235,2025-05-09,organic,US
236,2025-01-11,email,US
237,2025-06-27,email,US
238,2025-05-31,social,SG
239,2025-06-08,organic,UK
240,2025-02-11,paid_search,IN
241,2025-04-09,organic,DE
242,2025-01-07,paid_search,IN
243,2025-05-24,organic,IN
244,2025-03-31,referral,IN
245,2025-04-22,social,IN
246,2025-03-01,paid_search,US
247,2025-04-23,paid_search,US
248,2025-01-02,paid_search,SG
249,2025-05-09,social,US
250,2025-02-17,paid_search,US
251,2025-05-20,referral,IN
252,2025-02-06,paid_search,IN
253,2025-06-09,referral,US
254,2025-01-09,email,US
255,2025-04-09,organic,DE
256,2025-05-27,referral,IN
257,2025-02-17,organic,IN
258,2025-05-11,email,US
259,2025-05-28,paid_search,IN
260,2025-06-01,email,IN
261,2025-02-23,email,UK
262,2025-04-30,email,IN
263,2025-06-10,email,US
264,2025-06-01,paid_search,IN
265,2025-04-26,organic,IN
266,2025-03-16,paid_search,IN
267,2025-04-23,organic,DE
268,2025-06-13,social,IN
269,2025-06-15,paid_search,UK
270,2025-04-14,referral,IN
271,2025-03-25,social,UK
272,2025-04-22,email,IN
273,2025-04-09,organic,UK
274,2025-06-02,email,US
275,2025-04-03,referral,SG
276,2025-05-26,paid_search,IN
277,2025-05-08,social,IN
278,2025-04-20,email,IN
279,2025-03-23,organic,DE
280,2025-02-23,paid_search,US
281,2025-06-12,paid_search,UK
282,2025-06-18,organic,IN
283,2025-06-10,paid_search,IN
284,2025-03-09,organic,IN
285,2025-02-02,organic,SG
286,2025-05-22,organic,UK
287,2025-01-21,referral,SG
288,2025-02-17,paid_search,IN
289,2025-05-28,referral,US
290,2025-05-08,paid_search,UK
291,2025-05-16,paid_search,IN
292,2025-05-15,paid_search,DE
293,2025-05-25,paid_search,SG
294,2025-05-08,organic,DE
295,2025-02-02,social,UK
296,2025-06-25,organic,IN
297,2025-04-25,social,IN
298,2025-04-29,social,SG
299,2025-01-22,organic,IN
300,2025-06-07,organic,UK
301,2025-02-07,email,UK
302,2025-04-19,paid_search,US
303,2025-02-20,organic,SG
304,2025-07-01,referral,IN
305,2025-01-08,organic,IN
306,2025-01-27,social,IN
307,2025-01-27,referral,US
308,2025-01-21,organic,IN
309,2025-01-30,organic,IN
310,2025-04-07,organic,DE
311,2025-01-28,paid_search,SG
312,2025-04-21,organic,IN
313,2025-03-02,social,IN
314,2025-02-17,organic,SG
315,2025-05-27,paid_search,IN
316,2025-01-04,referral,IN
317,2025-02-04,email,IN
318,2025-02-18,social,US
319,2025-01-17,paid_search,IN
320,2025-06-21,social,SG
321,2025-06-07,paid_search,US
322,2025-02-15,paid_search,US
323,2025-04-27,organic,IN
324,2025-01-06,email,US
325,2025-04-09,paid_search,UK
326,2025-05-04,organic,UK
327,2025-02-06,paid_search,UK
328,2025-01-24,paid_search,US
329,2025-04-03,email,SG
330,2025-02-15,social,DE
331,2025-06-30,email,UK
332,2025-04-05,organic,IN
333,2025-04-09,paid_search,IN
334,2025-04-26,paid_search,IN
335,2025-06-09,organic,UK
336,2025-06-10,organic,US
337,2025-03-08,email,US
338,2025-05-08,organic,DE
339,2025-01-18,paid_search,DE
340,2025-01-25,organic,SG
341,2025-02-23,organic,IN
342,2025-02-27,organic,UK
343,2025-03-08,referral,IN
344,2025-04-14,email,IN
345,2025-06-23,referral,IN
346,2025-01-24,paid_search,IN
347,2025-04-24,organic,US
348,2025-02-01,paid_search,DE
349,2025-06-24,paid_search,IN
350,2025-03-27,email,UK
351,2025-05-31,organic,US
352,2025-05-07,paid_search,IN
353,2025-06-04,organic,US
354,2025-05-10,paid_search,IN
355,2025-01-17,social,US
356,2025-04-14,paid_search,US
357,2025-06-10,paid_search,IN
358,2025-05-17,paid_search,IN
359,2025-02-12,paid_search,US
360,2025-06-25,email,SG
361,2025-02-08,email,IN
362,2025-06-19,referral,UK
363,2025-01-26,email,UK
364,2025-04-09,paid_search,SG
365,2025-02-19,social,DE
366,2025-06-02,paid_search,US
367,2025-06-01,organic,UK
368,2025-01-13,email,DE
369,2025-03-01,organic,IN
370,2025-05-15,referral,IN
371,2025-02-26,paid_search,IN
372,2025-02-05,social,DE
373,2025-06-22,social,DE
374,2025-01-20,email,IN
375,2025-03-06,social,US
376,2025-01-08,social,US
377,2025-05-24,organic,IN
378,2025-05-22,paid_search,SG
379,2025-04-25,organic,IN
380,2025-05-23,social,IN
381,2025-04-02,paid_search,US
382,2025-04-08,social,UK
383,2025-03-07,organic,IN
384,2025-02-01,organic,UK
385,2025-03-27,social,US
386,2025-02-20,organic,IN
387,2025-06-02,organic,IN
388,2025-03-04,organic,US
389,2025-05-05,referral,IN
390,2025-05-30,social,SG
391,2025-02-27,paid_search,DE
392,2025-02-27,organic,SG
393,2025-03-27,paid_search,IN
394,2025-02-18,email,SG
395,2025-06-29,social,US
396,2025-06-19,organic,IN
397,2025-03-11,organic,IN
398,2025-01-15,organic,IN
399,2025-02-23,social,UK
400,2025-04-11,email,US
401,2025-01-08,organic,IN
402,2025-02-22,organic,US
403,2025-03-01,organic,IN
404,2025-04-18,referral,US
405,2025-01-05,organic,IN
406,2025-04-13,email,DE
407,2025-01-06,social,DE
408,2025-04-19,paid_search,US
409,2025-04-26,organic,IN
410,2025-04-04,organic,IN
411,2025-02-16,social,DE
412,2025-04-09,email,IN
413,2025-02-24,social,IN
414,2025-06-17,paid_search,IN
415,2025-02-21,organic,US
416,2025-05-24,referral,US
417,2025-01-13,email,DE
418,2025-04-24,organic,IN
419,2025-05-04,referral,IN
420,2025-04-16,social,DE
421,2025-06-07,social,DE
422,2025-05-27,social,IN
423,2025-05-25,email,US
424,2025-04-30,social,IN
425,2025-03-04,organic,SG
426,2025-01-19,paid_search,IN
427,2025-04-02,referral,SG
428,2025-02-27,organic,UK
429,2025-03-31,paid_search,US
430,2025-04-27,paid_search,IN
431,2025-03-03,paid_search,US
432,2025-01-23,social,US
433,2025-05-07,referral,IN
434,2025-05-17,organic,UK
435,2025-05-20,organic,SG
436,2025-05-09,organic,US
437,2025-02-27,email,UK
438,2025-05-02,social,IN
439,2025-01-01,organic,US
440,2025-02-03,email,IN
441,2025-04-06,email,US
442,2025-05-06,email,SG
443,2025-04-28,referral,UK
444,2025-02-17,organic,IN
445,2025-03-30,email,IN
446,2025-04-27,paid_search,US
447,2025-05-09,email,US
448,2025-01-16,social,DE
449,2025-03-10,email,DE
450,2025-01-22,social,US
451,2025-04-03,organic,IN
452,2025-03-17,paid_search,IN
453,2025-06-03,referral,IN
454,2025-05-24,referral,IN
455,2025-06-28,organic,US
456,2025-03-27,organic,UK
457,2025-01-29,organic,UK
458,2025-03-10,social,IN
459,2025-02-16,email,IN
460,2025-04-04,organic,IN
461,2025-05-24,paid_search,IN
462,2025-06-25,email,DE
463,2025-03-26,social,IN
464,2025-02-08,paid_search,US
465,2025-04-10,social,IN
466,2025-02-02,paid_search,DE
467,2025-04-11,organic,US
468,2025-01-23,social,IN
469,2025-01-10,social,US
470,2025-03-10,email,UK
471,2025-04-10,social,SG
472,2025-02-03,email,IN
473,2025-06-29,organic,DE
474,2025-05-18,paid_search,SG
475,2025-05-27,organic,SG
476,2025-04-06,organic,US
477,2025-01-01,social,US
478,2025-03-10,referral,US
479,2025-01-04,organic,UK
480,2025-01-16,paid_search,US
481,2025-01-24,email,UK
482,2025-03-21,organic,US
483,2025-01-02,social,UK
484,2025-05-08,social,DE
485,2025-06-09,social,IN
486,2025-03-25,organic,DE
487,2025-06-01,paid_search,US
488,2025-05-20,email,DE
489,2025-06-27,social,US
490,2025-06-12,organic,IN
491,2025-05-04,email,SG
492,2025-02-02,organic,IN
493,2025-06-10,social,DE
494,2025-06-28,organic,US
495,2025-06-20,referral,US
496,2025-04-11,paid_search,IN
497,2025-01-12,paid_search,US
498,2025-03-08,organic,IN
499,2025-03-06,paid_search,IN
500,2025-06-10,email,IN
501,2025-06-17,referral,IN
502,2025-03-15,paid_search,SG
503,2025-02-12,paid_search,SG
504,2025-02-13,social,IN
505,2025-01-29,email,UK
506,2025-05-21,social,IN
507,2025-01-12,paid_search,UK
508,2025-04-05,paid_search,DE
509,2025-02-15,social,SG
510,2025-05-10,organic,US
511,2025-02-04,social,UK
512,2025-03-22,paid_search,IN
513,2025-03-31,email,SG
514,2025-01-08,organic,IN
515,2025-04-03,social,US
516,2025-06-03,paid_search,UK
517,2025-03-31,social,UK
518,2025-06-11,organic,IN
519,2025-04-25,social,SG
520,2025-04-15,social,IN
521,2025-05-15,social,US
522,2025-02-27,social,IN
523,2025-04-24,social,IN
524,2025-03-16,email,US
525,2025-06-06,organic,US
526,2025-04-30,email,IN
527,2025-06-13,paid_search,IN
528,2025-01-21,organic,US
529,2025-06-13,organic,UK
530,2025-05-18,paid_search,DE
531,2025-04-11,email,IN
532,2025-06-01,social,IN
533,2025-06-26,email,IN
534,2025-04-09,paid_search,IN
535,2025-02-05,paid_search,UK
536,2025-04-06,organic,US
537,2025-06-01,paid_search,IN
538,2025-05-31,paid_search,IN
539,2025-02-06,organic,IN
540,2025-01-12,organic,DE
541,2025-04-23,social,SG
542,2025-01-13,social,IN
543,2025-01-23,referral,IN
544,2025-04-09,referral,DE
545,2025-04-15,social,SG
546,2025-01-30,paid_search,US
547,2025-01-17,social,IN
548,2025-04-23,email,IN
549,2025-03-03,organic,US
550,2025-03-25,paid_search,IN
551,2025-04-22,email,IN
552,2025-03-27,paid_search,US
553,2025-05-21,social,IN
554,2025-01-19,social,UK
555,2025-06-26,organic,IN
556,2025-04-10,paid_search,IN
557,2025-05-20,paid_search,US
558,2025-05-27,organic,IN
559,2025-03-17,organic,SG
560,2025-01-09,email,US
561,2025-01-28,organic,IN
562,2025-05-08,paid_search,UK
563,2025-02-21,organic,IN
564,2025-03-24,referral,SG
565,2025-04-21,organic,IN
566,2025-05-24,paid_search,US
567,2025-04-27,email,IN
568,2025-03-10,email,US
569,2025-04-09,organic,DE
570,2025-05-20,email,DE
571,2025-01-25,paid_search,IN
572,2025-06-29,paid_search,IN
573,2025-05-03,organic,DE
574,2025-02-22,organic,SG
575,2025-05-31,social,IN
576,2025-05-24,paid_search,US
577,2025-02-26,paid_search,IN
578,2025-02-08,social,DE
579,2025-04-19,email,IN
580,2025-06-30,organic,IN
581,2025-02-11,social,UK
582,2025-06-16,organic,IN
583,2025-05-22,email,US
584,2025-05-02,social,US
585,2025-05-13,referral,IN
586,2025-06-12,organic,IN
587,2025-03-16,organic,US
588,2025-05-26,organic,IN
589,2025-03-17,organic,US
590,2025-01-09,organic,DE
591,2025-03-15,referral,UK
592,2025-05-25,organic,IN
593,2025-01-07,organic,IN
594,2025-06-23,email,IN
595,2025-05-21,paid_search,IN
596,2025-06-17,email,US
597,2025-06-19,organic,UK
598,2025-05-17,paid_search,IN
599,2025-06-27,organic,IN
600,2025-01-27,organic,IN
601,2025-05-02,referral,UK
602,2025-01-05,organic,IN
603,2025-01-29,paid_search,US
604,2025-06-14,paid_search,IN
605,2025-06-15,paid_search,DE
606,2025-03-24,email,DE
607,2025-05-16,organic,IN
608,2025-04-19,social,IN
609,2025-03-06,referral,US
610,2025-03-27,social,IN
611,2025-05-25,referral,UK
612,2025-03-12,organic,DE
613,2025-02-14,paid_search,UK
614,2025-05-12,organic,DE
615,2025-02-05,social,IN
616,2025-03-11,referral,IN
617,2025-06-08,organic,UK
618,2025-01-19,social,IN
619,2025-04-18,organic,UK
620,2025-07-01,social,IN
621,2025-06-16,paid_search,IN
622,2025-04-01,referral,SG
623,2025-03-31,social,IN
624,2025-01-19,paid_search,SG
625,2025-02-08,organic,SG
626,2025-05-06,organic,UK
627,2025-06-22,organic,UK
628,2025-05-21,organic,US
629,2025-05-06,email,DE
630,2025-02-27,social,IN
631,2025-05-28,paid_search,US
632,2025-03-02,organic,US
633,2025-05-07,email,US
634,2025-04-15,social,US
635,2025-06-16,organic,IN
636,2025-01-01,social,US
637,2025-05-11,paid_search,DE
638,2025-04-02,organic,IN
639,2025-04-23,paid_search,SG
640,2025-06-02,paid_search,UK
641,2025-02-25,organic,DE
642,2025-06-10,referral,US
643,2025-06-15,email,UK
644,2025-04-27,social,IN
645,2025-05-14,paid_search,DE
646,2025-02-27,paid_search,IN
647,2025-02-13,social,DE
648,2025-06-22,paid_search,SG
649,2025-06-09,organic,IN
650,2025-06-22,paid_search,IN
651,2025-03-02,email,UK
652,2025-02-16,paid_search,IN
653,2025-05-29,organic,DE
654,2025-03-21,email,IN
655,2025-04-28,organic,IN
656,2025-06-13,organic,SG
657,2025-05-27,organic,UK
658,2025-01-20,paid_search,DE
659,2025-05-26,email,IN
660,2025-02-16,paid_search,UK
661,2025-02-18,organic,US
662,2025-01-14,email,US
663,2025-05-23,email,UK
664,2025-06-08,email,US
665,2025-01-01,organic,US
666,2025-04-27,paid_search,IN
667,2025-02-23,referral,UK
668,2025-04-28,email,IN
669,2025-01-03,organic,UK
670,2025-05-24,organic,IN
671,2025-01-12,paid_search,US
672,2025-03-15,referral,UK
673,2025-01-16,paid_search,IN
674,2025-04-12,paid_search,IN
675,2025-06-01,organic,IN
676,2025-06-05,social,US
677,2025-04-27,email,DE
678,2025-01-08,paid_search,IN
679,2025-05-02,email,UK
680,2025-04-02,referral,IN
681,2025-06-13,organic,US
682,2025-03-31,paid_search,SG
683,2025-05-16,organic,IN
684,2025-03-01,email,US
685,2025-06-27,social,IN
686,2025-01-28,social,IN
687,2025-04-11,email,IN
688,2025-02-10,paid_search,IN
689,2025-06-04,referral,US
690,2025-05-25,paid_search,US
691,2025-06-10,organic,US
692,2025-06-06,social,IN
693,2025-05-21,email,IN
694,2025-02-15,paid_search,UK
695,2025-02-04,email,SG
696,2025-05-14,referral,IN
697,2025-03-23,organic,DE
698,2025-04-25,referral,US
699,2025-02-16,organic,US
700,2025-06-02,organic,US
701,2025-01-10,organic,IN
702,2025-02-25,email,IN
703,2025-01-30,social,US
704,2025-04-19,organic,IN
705,2025-01-05,paid_search,SG
706,2025-04-29,social,US
707,2025-02-02,organic,IN
708,2025-04-28,email,UK
709,2025-03-06,email,IN
710,2025-05-26,paid_search,US
711,2025-06-26,referral,UK
712,2025-01-11,paid_search,SG
713,2025-03-26,referral,UK
714,2025-01-26,social,UK
715,2025-03-04,social,UK
716,2025-03-27,organic,SG
717,2025-02-28,email,IN
718,2025-01-27,paid_search,IN
719,2025-06-26,organic,IN
720,2025-06-10,organic,IN
721,2025-04-08,social,UK
722,2025-04-15,paid_search,US
723,2025-04-09,social,US
724,2025-05-09,email,IN
725,2025-05-29,organic,UK
726,2025-02-24,social,IN
727,2025-01-06,organic,UK
728,2025-04-05,email,US
729,2025-05-13,email,IN
730,2025-04-12,paid_search,IN
731,2025-01-03,social,IN
732,2025-06-30,paid_search,DE
733,2025-01-23,paid_search,SG
734,2025-02-22,email,US
735,2025-06-14,paid_search,IN
736,2025-03-24,paid_search,US
737,2025-05-25,paid_search,UK
738,2025-03-26,email,UK
739,2025-03-19,paid_search,IN
740,2025-04-20,organic,IN
741,2025-01-01,social,UK
742,2025-02-20,email,IN
743,2025-06-22,organic,IN
744,2025-01-04,organic,IN
745,2025-04-23,organic,US
746,2025-02-01,paid_search,DE
747,2025-02-03,paid_search,SG
748,2025-04-02,social,US
749,2025-04-05,social,US
750,2025-03-13,social,IN
751,2025-02-08,paid_search,US
752,2025-06-03,email,IN
753,2025-06-11,paid_search,US
754,2025-07-01,referral,IN
755,2025-04-28,social,IN
756,2025-01-03,organic,IN
757,2025-05-03,social,IN
758,2025-02-19,paid_search,IN
759,2025-01-12,social,IN
760,2025-02-23,organic,SG
761,2025-05-13,organic,US
762,2025-02-26,email,US
763,2025-05-25,organic,DE
764,2025-04-22,email,SG
765,2025-02-16,organic,US
766,2025-05-31,social,DE
767,2025-03-26,social,IN
768,2025-05-22,paid_search,IN
769,2025-03-07,paid_search,US
770,2025-03-16,organic,UK
771,2025-06-28,organic,UK
772,2025-04-13,paid_search,IN
773,2025-06-15,social,IN
774,2025-02-07,referral,US
775,2025-02-19,email,IN
776,2025-04-08,email,US
777,2025-03-23,email,UK
778,2025-01-30,social,UK
779,2025-03-20,organic,UK
780,2025-04-01,referral,DE
781,2025-06-28,social,US
782,2025-02-21,social,UK
783,2025-06-15,organic,US
784,2025-03-20,paid_search,IN
785,2025-01-30,paid_search,IN
786,2025-04-16,email,IN
787,2025-02-20,paid_search,US
788,2025-03-22,paid_search,US
789,2025-05-13,referral,DE
790,2025-01-29,organic,IN
791,2025-05-12,paid_search,IN
792,2025-05-18,organic,SG
793,2025-05-25,social,IN
794,2025-03-15,referral,US
795,2025-01-17,organic,US
796,2025-03-25,email,US
797,2025-03-10,organic,IN
798,2025-02-03,referral,IN
799,2025-01-06,email,IN
800,2025-02-22,email,US
801,2025-05-06,organic,US
802,2025-02-12,referral,IN
803,2025-04-25,social,US
804,2025-04-21,paid_search,DE
805,2025-05-31,email,IN
806,2025-03-21,organic,US
807,2025-04-05,email,UK
808,2025-04-28,organic,IN
809,2025-05-24,social,IN
810,2025-01-08,paid_search,US
811,2025-05-12,organic,DE
812,2025-04-14,organic,DE
813,2025-05-12,organic,US
814,2025-01-25,paid_search,UK
815,2025-04-06,paid_search,IN
816,2025-06-04,social,US
817,2025-04-03,organic,US
818,2025-06-09,organic,IN
819,2025-06-27,social,UK
820,2025-03-02,organic,US
821,2025-05-02,referral,IN
822,2025-02-20,email,SG
823,2025-05-27,social,IN
824,2025-01-21,social,IN
825,2025-01-05,email,IN
826,2025-04-02,organic,UK
827,2025-06-19,organic,UK
828,2025-03-02,organic,IN
829,2025-01-22,email,UK
830,2025-05-29,organic,IN
831,2025-03-11,social,UK
832,2025-01-01,referral,US
833,2025-05-13,email,US
834,2025-01-12,paid_search,SG
835,2025-03-31,organic,IN
836,2025-02-15,email,IN
837,2025-02-03,social,US
838,2025-06-26,organic,SG
839,2025-03-19,organic,IN
840,2025-02-14,referral,IN
841,2025-06-04,social,IN
842,2025-03-14,email,US
843,2025-01-26,email,IN
844,2025-02-16,social,UK
845,2025-05-01,paid_search,SG
846,2025-02-25,paid_search,US
847,2025-04-04,paid_search,IN
848,2025-04-17,paid_search,US
849,2025-03-04,email,IN
850,2025-02-17,social,DE
851,2025-03-02,email,US
852,2025-03-22,paid_search,IN
853,2025-01-26,social,UK
854,2025-02-05,social,US
855,2025-01-01,social,US
856,2025-01-08,social,IN
857,2025-04-23,organic,DE
858,2025-04-09,paid_search,SG
859,2025-06-29,organic,US
860,2025-02-16,paid_search,SG
861,2025-05-07,paid_search,IN
862,2025-02-25,social,US
863,2025-01-14,referral,US
864,2025-01-28,social,US
865,2025-03-19,social,US
866,2025-05-10,paid_search,IN
867,2025-04-19,social,IN
868,2025-06-03,organic,IN
869,2025-01-14,organic,IN
870,2025-02-25,paid_search,UK
871,2025-04-25,paid_search,IN
872,2025-01-07,organic,IN
873,2025-01-03,organic,US
874,2025-04-21,organic,US
875,2025-05-31,referral,DE
876,2025-04-17,paid_search,US
877,2025-01-18,paid_search,IN
878,2025-02-07,organic,DE
879,2025-04-25,social,US
880,2025-01-15,organic,IN
881,2025-04-29,organic,US
882,2025-01-28,paid_search,SG
883,2025-02-08,organic,IN
884,2025-01-17,organic,IN
885,2025-03-27,organic,IN
886,2025-05-06,organic,IN
887,2025-02-13,organic,US
888,2025-01-25,paid_search,US
889,2025-05-25,email,IN
890,2025-01-13,social,SG
891,2025-01-25,paid_search,UK
892,2025-03-09,organic,US
893,2025-05-18,referral,DE
894,2025-03-08,paid_search,IN
895,2025-04-19,organic,US
896,2025-05-26,social,US
897,2025-04-21,organic,DE
898,2025-04-21,paid_search,UK
899,2025-02-03,paid_search,IN
900,2025-04-21,email,SG
901,2025-01-08,paid_search,IN
902,2025-06-17,social,DE
903,2025-04-23,referral,SG
904,2025-03-24,organic,IN
905,2025-02-11,organic,UK
906,2025-06-18,paid_search,IN
907,2025-04-11,paid_search,US
908,2025-01-06,paid_search,US
909,2025-06-29,referral,US
910,2025-01-26,social,SG
911,2025-03-05,social,UK
912,2025-02-28,paid_search,US
913,2025-04-19,email,DE
914,2025-05-01,referral,SG
915,2025-02-02,email,IN
916,2025-06-30,organic,SG
917,2025-05-30,social,IN
918,2025-01-21,organic,DE
919,2025-03-11,organic,IN
920,2025-04-22,organic,IN
921,2025-01-04,social,US
922,2025-04-04,social,US
923,2025-03-16,organic,IN
924,2025-03-03,paid_search,IN
925,2025-04-04,paid_search,US
926,2025-04-05,paid_search,SG
927,2025-06-01,organic,IN
928,2025-02-24,paid_search,IN
929,2025-05-17,email,US
930,2025-05-11,organic,IN
931,2025-01-31,organic,DE
932,2025-02-09,paid_search,DE
933,2025-02-05,referral,US
934,2025-06-01,social,IN
935,2025-01-06,social,UK
936,2025-03-07,paid_search,US
937,2025-03-16,social,DE
938,2025-01-04,organic,US
939,2025-03-20,social,UK
940,2025-05-14,referral,US
941,2025-04-28,social,US
942,2025-04-23,email,SG
943,2025-04-04,social,US
944,2025-06-28,organic,US
945,2025-03-03,referral,IN
946,2025-03-20,organic,US
947,2025-05-16,paid_search,US
948,2025-01-26,organic,IN
949,2025-06-28,organic,IN
950,2025-06-22,paid_search,US
951,2025-02-13,organic,UK
952,2025-05-13,paid_search,US
953,2025-03-11,social,IN
954,2025-06-03,organic,UK
955,2025-04-28,organic,IN
956,2025-03-09,social,US
957,2025-01-19,paid_search,IN
958,2025-01-20,social,IN
959,2025-04-23,social,IN
960,2025-05-20,email,IN
961,2025-02-16,social,IN
962,2025-01-01,paid_search,IN
963,2025-03-31,social,US
964,2025-05-22,organic,US
965,2025-03-05,paid_search,IN
966,2025-02-07,email,DE
967,2025-02-06,paid_search,IN
968,2025-05-06,email,US
969,2025-05-19,email,IN
970,2025-04-10,email,IN
971,2025-03-18,referral,US
972,2025-01-03,paid_search,US
973,2025-06-10,paid_search,DE
974,2025-05-14,social,US
975,2025-06-27,paid_search,SG
976,2025-01-10,social,IN
977,2025-01-05,social,IN
978,2025-05-31,social,IN
979,2025-05-18,paid_search,IN
980,2025-06-21,organic,US
981,2025-05-10,paid_search,US
982,2025-01-13,organic,IN
983,2025-06-17,email,SG
984,2025-05-10,paid_search,DE
985,2025-03-25,organic,IN
986,2025-03-06,organic,IN
987,2025-03-04,social,IN
988,2025-04-11,social,IN
989,2025-03-14,paid_search,IN
990,2025-01-17,organic,US
991,2025-01-09,paid_search,IN
992,2025-05-23,paid_search,IN
993,2025-06-01,social,SG
994,2025-02-07,social,UK
995,2025-06-12,paid_search,SG
996,2025-04-04,organic,IN
997,2025-04-05,referral,IN
998,2025-02-18,paid_search,US
999,2025-03-10,social,IN
1000,2025-03-03,organic,IN
1001,2025-06-27,paid_search,UK
1002,2025-03-19,organic,US
1003,2025-04-27,paid_search,US
1004,2025-04-30,referral,US
1005,2025-05-17,paid_search,US
1006,2025-06-11,organic,IN
1007,2025-03-17,organic,IN
1008,2025-02-04,paid_search,IN
1009,2025-01-01,organic,IN
1010,2025-02-09,organic,SG
1011,2025-03-05,email,US
1012,2025-05-30,paid_search,UK
1013,2025-03-01,organic,IN
1014,2025-03-05,referral,IN
1015,2025-04-03,organic,IN
1016,2025-03-13,referral,IN
1017,2025-01-11,paid_search,IN
1018,2025-04-15,email,UK
1019,2025-01-14,social,UK
1020,2025-03-01,email,US
1021,2025-01-30,referral,US
1022,2025-02-04,organic,SG
1023,2025-06-14,referral,IN
1024,2025-01-05,paid_search,IN
1025,2025-03-24,paid_search,IN
1026,2025-05-03,paid_search,UK
1027,2025-03-19,paid_search,SG
1028,2025-06-03,organic,IN
1029,2025-03-03,social,DE
1030,2025-05-12,paid_search,DE
1031,2025-03-30,email,IN
1032,2025-02-11,email,IN
1033,2025-03-30,paid_search,US
1034,2025-05-26,paid_search,SG
1035,2025-02-09,organic,IN
1036,2025-03-13,organic,UK
1037,2025-02-08,organic,IN
1038,2025-04-14,paid_search,UK
1039,2025-01-14,organic,US
1040,2025-02-01,referral,US
1041,2025-06-28,social,DE
1042,2025-05-05,paid_search,DE
1043,2025-06-15,social,DE
1044,2025-04-07,organic,IN
1045,2025-01-23,paid_search,UK
1046,2025-03-04,social,IN
1047,2025-05-23,paid_search,US
1048,2025-06-02,paid_search,US
1049,2025-05-25,referral,US
1050,2025-02-22,email,US
1051,2025-04-14,social,SG
1052,2025-04-14,social,IN
1053,2025-06-28,social,UK
1054,2025-02-08,organic,IN
1055,2025-06-28,paid_search,IN
1056,2025-05-14,organic,IN
1057,2025-03-08,paid_search,SG
1058,2025-05-15,paid_search,DE
1059,2025-06-28,organic,SG
1060,2025-02-11,referral,SG
1061,2025-01-15,referral,IN
1062,2025-04-21,social,IN
1063,2025-06-06,paid_search,UK
1064,2025-02-02,email,US
1065,2025-06-04,organic,US
1066,2025-06-13,email,IN
1067,2025-06-06,organic,US
1068,2025-02-07,email,US
1069,2025-04-07,organic,IN
1070,2025-06-04,email,US
1071,2025-02-02,referral,US
1072,2025-03-27,organic,US
1073,2025-03-07,paid_search,IN
1074,2025-01-10,referral,UK
1075,2025-01-05,paid_search,IN
1076,2025-05-03,email,IN
1077,2025-03-15,social,UK
1078,2025-04-07,paid_search,US
1079,2025-04-28,organic,IN
1080,2025-02-07,organic,UK
1081,2025-05-21,email,US
1082,2025-06-08,paid_search,UK
1083,2025-02-16,paid_search,UK
1084,2025-04-19,paid_search,US
1085,2025-06-29,social,US
1086,2025-01-15,email,IN
1087,2025-06-06,referral,IN
1088,2025-05-16,paid_search,US
1089,2025-01-05,email,US
1090,2025-06-06,email,US
1091,2025-02-16,social,IN
1092,2025-03-09,referral,IN
1093,2025-03-17,organic,US
1094,2025-06-22,organic,IN
1095,2025-05-10,email,UK
1096,2025-06-04,paid_search,IN
1097,2025-04-05,email,US
1098,2025-04-25,email,SG
1099,2025-06-13,organic,IN
1100,2025-02-05,email,US
1101,2025-01-26,paid_search,IN
1102,2025-02-12,paid_search,US
1103,2025-01-27,social,US
1104,2025-03-10,referral,US
1105,2025-05-28,organic,US
1106,2025-01-11,paid_search,DE
1107,2025-03-15,social,IN
1108,2025-04-14,social,IN
1109,2025-02-07,social,DE
1110,2025-05-14,organic,US
1111,2025-01-23,organic,DE
1112,2025-02-16,paid_search,US
1113,2025-03-31,email,DE
1114,2025-02-15,organic,US
1115,2025-04-17,organic,UK
1116,2025-05-20,referral,SG
1117,2025-05-21,organic,US
1118,2025-04-14,referral,IN
1119,2025-04-21,social,IN
1120,2025-04-14,email,IN
1121,2025-03-01,organic,IN
1122,2025-06-20,organic,IN
1123,2025-04-10,social,US
1124,2025-03-09,email,US
1125,2025-05-13,social,US
1126,2025-04-30,organic,US
1127,2025-02-06,email,IN
1128,2025-03-13,email,IN
1129,2025-05-07,social,IN
1130,2025-04-16,email,US
1131,2025-04-02,email,IN
1132,2025-01-31,social,IN
1133,2025-05-02,organic,US
1134,2025-05-17,paid_search,DE
1135,2025-02-20,organic,IN
1136,2025-01-29,paid_search,US
1137,2025-02-09,paid_search,UK
1138,2025-02-10,organic,UK
1139,2025-01-11,paid_search,SG
1140,2025-05-31,organic,IN
1141,2025-01-01,email,IN
1142,2025-02-15,referral,DE
1143,2025-04-11,organic,US
1144,2025-05-29,referral,US
1145,2025-03-31,paid_search,UK
1146,2025-04-20,organic,UK
1147,2025-06-13,organic,SG
1148,2025-07-01,paid_search,SG
1149,2025-02-26,email,UK
1150,2025-01-01,social,IN
1151,2025-03-04,organic,DE
1152,2025-07-01,organic,IN
1153,2025-02-24,paid_search,IN
1154,2025-04-25,organic,DE
1155,2025-06-17,organic,IN
1156,2025-05-23,organic,IN
1157,2025-05-29,email,IN
1158,2025-06-24,referral,DE
1159,2025-02-22,paid_search,US
1160,2025-05-17,referral,UK
1161,2025-06-29,paid_search,IN
1162,2025-02-26,paid_search,UK
1163,2025-04-27,organic,UK
1164,2025-06-03,social,IN
1165,2025-06-18,referral,US
1166,2025-02-04,social,IN
1167,2025-03-04,paid_search,SG
1168,2025-01-25,social,US
1169,2025-03-31,organic,SG
1170,2025-03-16,email,IN
1171,2025-02-07,paid_search,UK
1172,2025-05-10,paid_search,UK
1173,2025-05-15,social,UK
1174,2025-06-11,social,SG
1175,2025-04-01,organic,IN
1176,2025-01-17,social,IN
1177,2025-05-08,organic,UK
1178,2025-06-20,social,UK
1179,2025-04-18,email,US
1180,2025-06-28,email,IN
1181,2025-07-01,social,US
1182,2025-06-01,paid_search,IN
1183,2025-01-25,organic,US
1184,2025-06-29,email,US
1185,2025-03-29,organic,UK
1186,2025-06-10,paid_search,IN
1187,2025-06-26,organic,US
1188,2025-01-29,organic,IN
1189,2025-03-04,social,IN
1190,2025-05-30,organic,UK
1191,2025-06-03,social,SG
1192,2025-06-05,paid_search,IN
1193,2025-04-24,organic,UK
1194,2025-02-18,paid_search,DE
1195,2025-03-22,organic,DE
1196,2025-03-25,organic,IN
1197,2025-04-15,social,SG
1198,2025-06-26,organic,IN
1199,2025-05-28,email,IN
1200,2025-04-28,organic,IN
1201,2025-03-27,organic,US
1202,2025-03-04,social,IN
1203,2025-04-14,paid_search,IN
1204,2025-02-18,organic,IN
1205,2025-03-12,paid_search,DE
1206,2025-01-01,organic,DE
1207,2025-05-21,email,IN
1208,2025-06-28,paid_search,DE
1209,2025-05-03,email,DE
1210,2025-03-03,email,UK
1211,2025-02-01,paid_search,IN
1212,2025-06-07,referral,UK
1213,2025-01-29,paid_search,SG
1214,2025-02-18,referral,UK
1215,2025-06-22,organic,IN
1216,2025-01-30,social,US
1217,2025-05-24,paid_search,US
1218,2025-06-17,paid_search,US
1219,2025-01-19,social,IN
1220,2025-01-18,social,IN
1221,2025-01-01,organic,DE
1222,2025-03-19,organic,DE
1223,2025-04-25,social,IN
1224,2025-06-24,social,SG
1225,2025-04-23,referral,IN
1226,2025-04-24,email,UK
1227,2025-06-15,referral,UK
1228,2025-06-28,social,DE
1229,2025-03-04,organic,SG
1230,2025-05-12,organic,IN
1231,2025-05-09,email,DE
1232,2025-01-08,social,IN
1233,2025-06-06,organic,UK
1234,2025-02-24,paid_search,UK
1235,2025-04-13,referral,UK
1236,2025-05-11,paid_search,IN
1237,2025-02-01,paid_search,DE
1238,2025-01-10,paid_search,IN
1239,2025-04-20,organic,IN
1240,2025-06-11,paid_search,UK
1241,2025-05-04,paid_search,US
1242,2025-03-28,organic,DE
1243,2025-02-24,email,IN
1244,2025-02-01,paid_search,IN
1245,2025-06-27,email,DE
1246,2025-05-15,email,US
1247,2025-04-03,organic,IN
1248,2025-01-08,social,UK
1249,2025-03-06,paid_search,US
1250,2025-02-26,email,US
1251,2025-03-08,organic,US
1252,2025-03-13,social,DE
1253,2025-02-23,social,DE
1254,2025-03-08,organic,UK
1255,2025-02-20,organic,IN
1256,2025-04-07,social,DE
1257,2025-04-02,social,UK
1258,2025-01-08,paid_search,UK
1259,2025-06-11,social,IN
1260,2025-02-04,paid_search,DE
1261,2025-04-06,social,UK
1262,2025-03-29,organic,IN
1263,2025-03-19,email,US
1264,2025-02-01,organic,DE
1265,2025-04-30,paid_search,IN
1266,2025-02-15,organic,SG
1267,2025-05-24,organic,UK
1268,2025-06-14,paid_search,US
1269,2025-07-01,organic,IN
1270,2025-05-22,email,IN
1271,2025-02-24,organic,SG
1272,2025-06-25,paid_search,IN
1273,2025-01-07,paid_search,UK
1274,2025-03-15,organic,IN
1275,2025-01-07,organic,IN
1276,2025-06-10,paid_search,IN
1277,2025-05-31,paid_search,US
1278,2025-03-26,paid_search,SG
1279,2025-05-27,paid_search,IN
1280,2025-04-22,social,IN
1281,2025-05-05,organic,IN
1282,2025-05-27,paid_search,US
1283,2025-02-05,referral,US
1284,2025-01-29,paid_search,DE
1285,2025-03-23,social,US
1286,2025-01-02,paid_search,US
1287,2025-05-09,email,IN
1288,2025-02-16,email,SG
1289,2025-05-28,paid_search,IN
1290,2025-01-11,referral,IN
1291,2025-05-10,organic,UK
1292,2025-04-29,organic,US
1293,2025-05-20,email,US
1294,2025-01-20,email,US
1295,2025-01-05,organic,UK
1296,2025-02-06,organic,IN
1297,2025-06-15,organic,DE
1298,2025-05-17,organic,US
1299,2025-02-22,email,US
1300,2025-06-21,paid_search,US
1301,2025-04-09,paid_search,IN
1302,2025-03-27,paid_search,UK
1303,2025-04-18,organic,US
1304,2025-01-24,organic,IN
1305,2025-03-22,social,US
1306,2025-06-07,referral,SG
1307,2025-04-30,email,US
1308,2025-02-28,organic,SG
1309,2025-05-08,email,IN
1310,2025-04-24,email,IN
1311,2025-04-25,email,IN
1312,2025-01-14,paid_search,US
1313,2025-01-09,paid_search,IN
1314,2025-02-09,paid_search,IN
1315,2025-01-25,organic,SG
1316,2025-04-13,organic,DE
1317,2025-01-22,organic,UK
1318,2025-01-04,paid_search,IN
1319,2025-06-03,social,IN
1320,2025-01-29,paid_search,IN
1321,2025-04-19,organic,UK
1322,2025-04-08,referral,SG
1323,2025-02-06,referral,US
1324,2025-03-16,email,IN
1325,2025-03-11,referral,US
1326,2025-05-26,paid_search,IN
1327,2025-05-08,referral,IN
1328,2025-03-26,organic,US
1329,2025-02-11,paid_search,UK
1330,2025-04-10,organic,IN
1331,2025-02-10,organic,IN
1332,2025-06-15,organic,SG
1333,2025-02-03,social,IN
1334,2025-01-17,email,IN
1335,2025-06-14,social,IN
1336,2025-06-02,organic,IN
1337,2025-05-02,email,IN
1338,2025-03-17,social,DE
1339,2025-03-28,paid_search,IN
1340,2025-04-27,social,US
1341,2025-04-16,organic,UK
1342,2025-03-27,paid_search,US
1343,2025-01-27,referral,DE
1344,2025-02-26,organic,DE
1345,2025-01-31,paid_search,IN
1346,2025-05-14,email,UK
1347,2025-06-17,social,US
1348,2025-04-08,organic,SG
1349,2025-01-12,organic,US
1350,2025-02-22,organic,SG
1351,2025-05-18,social,UK
1352,2025-06-22,paid_search,IN
1353,2025-05-25,organic,US
1354,2025-06-03,referral,SG
1355,2025-05-02,paid_search,DE
1356,2025-02-15,organic,IN
1357,2025-03-05,paid_search,UK
1358,2025-05-10,social,IN
1359,2025-02-23,organic,IN
1360,2025-04-17,organic,US
1361,2025-02-20,email,IN
1362,2025-06-30,paid_search,DE
1363,2025-02-05,paid_search,IN
1364,2025-04-25,paid_search,DE
1365,2025-01-26,organic,IN
1366,2025-01-29,organic,IN
1367,2025-05-29,paid_search,IN
1368,2025-01-11,organic,IN
1369,2025-02-09,organic,IN
1370,2025-01-11,email,IN
1371,2025-06-13,referral,US
1372,2025-04-23,email,IN
1373,2025-02-08,email,US
1374,2025-02-23,organic,IN
1375,2025-04-08,referral,DE
1376,2025-02-24,organic,SG
1377,2025-04-21,referral,US
1378,2025-06-01,referral,IN
1379,2025-05-30,social,IN
1380,2025-03-10,referral,SG
1381,2025-02-25,social,IN
1382,2025-02-02,organic,IN
1383,2025-02-05,paid_search,IN
1384,2025-05-28,social,IN
1385,2025-03-22,organic,IN
1386,2025-04-19,social,UK
1387,2025-06-03,referral,IN
1388,2025-03-14,organic,US
1389,2025-02-09,email,IN
1390,2025-01-17,referral,IN
1391,2025-05-09,referral,SG
1392,2025-03-02,referral,IN
1393,2025-06-20,paid_search,DE
1394,2025-04-14,referral,US
1395,2025-02-11,email,IN
1396,2025-01-25,organic,SG
1397,2025-02-08,paid_search,IN
1398,2025-02-04,social,DE
1399,2025-05-11,organic,IN
1400,2025-04-18,social,DE
1401,2025-06-21,social,IN
1402,2025-06-28,organic,US
1403,2025-04-12,social,UK
1404,2025-04-08,email,SG
1405,2025-01-12,paid_search,SG
1406,2025-01-19,organic,DE
1407,2025-04-11,organic,DE
1408,2025-02-13,paid_search,IN
1409,2025-02-18,referral,IN
1410,2025-01-17,organic,IN
1411,2025-03-15,social,IN
1412,2025-02-26,organic,IN
1413,2025-02-24,paid_search,US
1414,2025-02-16,email,IN
1415,2025-01-12,social,UK
1416,2025-03-03,organic,IN
1417,2025-03-21,paid_search,IN
1418,2025-03-24,organic,US
1419,2025-01-08,paid_search,UK
1420,2025-05-29,social,UK
1421,2025-03-22,organic,US
1422,2025-04-28,organic,IN
1423,2025-01-25,paid_search,US
1424,2025-03-30,referral,IN
1425,2025-01-12,referral,IN
1426,2025-05-23,organic,US
1427,2025-02-28,email,IN
1428,2025-06-03,paid_search,IN
1429,2025-04-19,paid_search,SG
1430,2025-01-26,email,SG
1431,2025-02-16,referral,IN
1432,2025-02-01,referral,IN
1433,2025-01-10,social,IN
1434,2025-01-16,paid_search,IN
1435,2025-05-25,email,SG
1436,2025-05-31,organic,IN
1437,2025-01-26,social,UK
1438,2025-03-27,paid_search,IN
1439,2025-05-15,social,SG
1440,2025-01-14,organic,IN
1441,2025-03-20,organic,UK
1442,2025-04-27,referral,IN
1443,2025-01-07,organic,US
1444,2025-05-17,paid_search,IN
1445,2025-04-25,organic,IN
1446,2025-06-25,organic,SG
1447,2025-03-13,organic,SG
1448,2025-02-28,organic,DE
1449,2025-03-23,email,US
1450,2025-04-26,organic,DE
1451,2025-06-16,referral,IN
1452,2025-05-26,social,IN
1453,2025-04-13,paid_search,IN
1454,2025-01-17,social,US
1455,2025-01-14,paid_search,IN
1456,2025-06-08,email,IN
1457,2025-06-01,organic,US
1458,2025-04-18,paid_search,DE
1459,2025-02-14,email,IN
1460,2025-04-08,referral,IN
1461,2025-05-11,email,IN
1462,2025-02-06,paid_search,IN
1463,2025-06-20,email,IN
1464,2025-06-17,paid_search,US
1465,2025-04-18,paid_search,US
1466,2025-02-08,organic,UK
1467,2025-01-15,social,IN
1468,2025-04-30,organic,DE
1469,2025-01-04,paid_search,IN
1470,2025-04-03,email,US
1471,2025-06-02,organic,DE
1472,2025-05-21,organic,IN
1473,2025-06-10,organic,IN
1474,2025-01-16,referral,DE
1475,2025-06-19,paid_search,IN
1476,2025-04-18,paid_search,UK
1477,2025-05-06,email,IN
1478,2025-02-24,email,UK
1479,2025-06-19,paid_search,IN
1480,2025-02-03,social,IN
1481,2025-06-07,email,US
1482,2025-01-13,social,IN
1483,2025-05-21,organic,IN
1484,2025-01-18,email,IN
1485,2025-06-09,paid_search,IN
1486,2025-04-06,organic,IN
1487,2025-05-03,paid_search,IN
1488,2025-02-08,organic,SG
1489,2025-02-15,organic,IN
1490,2025-01-29,email,US
1491,2025-03-03,organic,IN
1492,2025-01-16,paid_search,IN
1493,2025-05-01,paid_search,SG
1494,2025-01-10,organic,IN
1495,2025-06-07,referral,SG
1496,2025-06-02,organic,IN
1497,2025-04-13,paid_search,UK
1498,2025-03-25,paid_search,US
1499,2025-05-13,organic,DE
1500,2025-03-06,organic,US
1501,2025-06-26,social,US
1502,2025-01-03,referral,IN
1503,2025-06-22,organic,IN
1504,2025-05-22,social,SG
1505,2025-04-30,social,IN
1506,2025-06-07,email,IN
1507,2025-03-09,paid_search,UK
1508,2025-05-26,paid_search,IN
1509,2025-02-06,paid_search,SG
1510,2025-06-02,social,UK
1511,2025-06-25,email,US
1512,2025-06-30,organic,DE
1513,2025-03-14,paid_search,IN
1514,2025-05-23,referral,IN
1515,2025-02-18,email,US
1516,2025-05-01,referral,IN
1517,2025-03-29,email,UK
1518,2025-05-20,paid_search,SG
1519,2025-02-06,social,US
1520,2025-03-02,social,IN
1521,2025-06-20,organic,SG
1522,2025-05-04,paid_search,US
1523,2025-02-08,social,US
1524,2025-03-04,organic,IN
1525,2025-02-15,email,SG
1526,2025-03-29,social,US
1527,2025-01-11,referral,UK
1528,2025-03-03,organic,DE
1529,2025-03-18,organic,IN
1530,2025-06-02,social,US
1531,2025-02-21,organic,DE
1532,2025-01-04,social,IN
1533,2025-02-28,email,UK
1534,2025-03-13,organic,SG
1535,2025-05-28,paid_search,US
1536,2025-04-03,paid_search,UK
1537,2025-03-04,paid_search,DE
1538,2025-02-23,referral,DE
1539,2025-04-27,email,IN
1540,2025-04-20,social,IN
1541,2025-03-15,social,US
1542,2025-04-17,paid_search,UK
1543,2025-02-26,referral,US
1544,2025-06-18,social,UK
1545,2025-01-03,social,IN
1546,2025-04-30,email,US
1547,2025-01-06,organic,IN
1548,2025-01-05,email,UK
1549,2025-01-05,organic,US
1550,2025-02-23,paid_search,IN
1551,2025-02-16,paid_search,IN
1552,2025-06-26,referral,UK
1553,2025-01-09,email,US
1554,2025-04-09,social,IN
1555,2025-01-20,social,SG
1556,2025-05-02,social,UK
1557,2025-03-02,referral,SG
1558,2025-05-03,paid_search,US
1559,2025-06-12,paid_search,US
1560,2025-06-27,organic,DE
1561,2025-03-23,email,US
1562,2025-03-03,social,UK
1563,2025-05-25,paid_search,IN
1564,2025-01-03,organic,US
1565,2025-06-09,email,IN
1566,2025-01-13,organic,IN
1567,2025-04-30,social,IN
1568,2025-05-05,referral,IN
1569,2025-03-30,paid_search,SG
1570,2025-03-14,organic,IN
1571,2025-03-09,social,UK
1572,2025-05-22,email,DE
1573,2025-04-11,paid_search,US
1574,2025-04-08,referral,IN
1575,2025-01-11,organic,UK
1576,2025-04-15,paid_search,US
1577,2025-03-08,social,UK
1578,2025-05-03,email,UK
1579,2025-01-29,organic,SG
1580,2025-05-17,email,US
1581,2025-06-02,social,IN
1582,2025-03-17,paid_search,US
1583,2025-06-19,organic,IN
1584,2025-01-09,email,DE
1585,2025-02-09,organic,IN
1586,2025-01-25,paid_search,IN
1587,2025-01-05,organic,DE
1588,2025-05-19,email,US
1589,2025-05-04,social,IN
1590,2025-02-07,email,US
1591,2025-03-13,organic,DE
1592,2025-05-13,social,IN
1593,2025-06-25,social,DE
1594,2025-03-31,email,IN
1595,2025-05-26,referral,UK
1596,2025-02-06,organic,DE
1597,2025-03-01,social,IN
1598,2025-06-25,organic,US
1599,2025-01-28,paid_search,IN
1600,2025-03-22,organic,UK
1601,2025-04-24,paid_search,US
1602,2025-02-09,paid_search,US
1603,2025-02-14,social,IN
1604,2025-03-03,paid_search,IN
1605,2025-04-03,social,IN
1606,2025-04-25,paid_search,IN
1607,2025-03-08,organic,US
1608,2025-02-25,email,DE
1609,2025-02-09,organic,UK
1610,2025-04-08,paid_search,US
1611,2025-02-09,social,SG
1612,2025-04-01,paid_search,UK
1613,2025-02-02,organic,SG
1614,2025-01-06,paid_search,US
1615,2025-05-27,referral,IN
1616,2025-03-21,social,IN
1617,2025-06-17,social,UK
1618,2025-04-02,social,IN
1619,2025-04-07,organic,IN
1620,2025-02-28,paid_search,US
1621,2025-02-28,email,US
1622,2025-02-17,organic,US
1623,2025-06-18,organic,IN
1624,2025-01-13,organic,IN
1625,2025-04-17,paid_search,US
1626,2025-02-14,referral,SG
1627,2025-03-30,organic,UK
1628,2025-06-30,paid_search,SG
1629,2025-06-19,organic,UK
1630,2025-04-10,referral,US
1631,2025-06-04,organic,IN
1632,2025-06-15,paid_search,UK
1633,2025-01-07,social,US
1634,2025-05-13,social,US
1635,2025-02-14,paid_search,US
1636,2025-02-27,paid_search,US
1637,2025-01-31,paid_search,IN
1638,2025-01-23,organic,US
1639,2025-06-19,organic,IN
1640,2025-05-18,paid_search,DE
1641,2025-06-09,organic,IN
1642,2025-04-17,organic,IN
1643,2025-06-30,social,US
1644,2025-06-07,referral,UK
1645,2025-02-08,social,US
1646,2025-06-08,organic,IN
1647,2025-03-23,organic,US
1648,2025-04-10,referral,IN
1649,2025-01-02,organic,SG
1650,2025-03-18,organic,SG
1651,2025-01-12,social,US
1652,2025-02-08,social,IN
1653,2025-01-13,social,UK
1654,2025-02-15,organic,IN
1655,2025-06-04,organic,US
1656,2025-04-23,referral,IN
1657,2025-01-17,organic,SG
1658,2025-04-14,social,IN
1659,2025-04-08,social,US
1660,2025-03-29,social,UK
1661,2025-04-19,paid_search,US
1662,2025-06-12,organic,IN
1663,2025-03-11,social,SG
1664,2025-06-07,email,US
1665,2025-03-15,referral,US
1666,2025-03-04,organic,IN
1667,2025-06-05,organic,US
1668,2025-03-01,referral,US
1669,2025-03-20,social,IN
1670,2025-02-06,email,IN
1671,2025-01-22,organic,DE
1672,2025-05-28,social,IN
1673,2025-04-06,social,IN
1674,2025-03-09,social,US
1675,2025-01-17,paid_search,UK
1676,2025-01-12,organic,IN
1677,2025-05-30,social,US
1678,2025-05-25,organic,IN
1679,2025-05-18,paid_search,IN
1680,2025-04-28,referral,IN
1681,2025-01-22,paid_search,DE
1682,2025-04-30,email,IN
1683,2025-02-19,organic,IN
1684,2025-01-14,social,US
1685,2025-06-24,referral,DE
1686,2025-01-29,organic,IN
1687,2025-06-13,organic,US
1688,2025-06-29,paid_search,IN
1689,2025-05-05,organic,US
1690,2025-01-07,social,US
1691,2025-01-29,referral,US
1692,2025-05-19,paid_search,IN
1693,2025-02-02,organic,IN
1694,2025-05-14,paid_search,IN
1695,2025-04-21,social,IN
1696,2025-03-20,organic,IN
1697,2025-06-09,social,UK
1698,2025-06-28,social,SG
1699,2025-02-27,social,SG
1700,2025-01-26,organic,DE
1701,2025-06-23,social,US
1702,2025-01-29,organic,UK
1703,2025-01-04,organic,IN
1704,2025-04-09,email,US
1705,2025-05-21,social,US
1706,2025-02-08,organic,US
1707,2025-01-15,organic,UK
1708,2025-04-29,organic,IN
1709,2025-01-29,organic,IN
1710,2025-06-06,organic,SG
1711,2025-03-16,organic,IN
1712,2025-04-26,paid_search,US
1713,2025-02-01,social,SG
1714,2025-05-10,social,US
1715,2025-06-24,social,US
1716,2025-03-25,organic,IN
1717,2025-01-22,referral,IN
1718,2025-01-27,email,DE
1719,2025-03-22,email,US
1720,2025-05-06,email,US
1721,2025-04-02,referral,IN
1722,2025-01-21,paid_search,IN
1723,2025-02-16,organic,SG
1724,2025-04-11,social,IN
1725,2025-03-25,social,US
1726,2025-01-06,social,IN
1727,2025-05-27,paid_search,UK
1728,2025-05-11,organic,SG
1729,2025-01-01,paid_search,US
1730,2025-02-27,referral,IN
1731,2025-05-04,social,US
1732,2025-06-15,paid_search,UK
1733,2025-01-15,organic,US
1734,2025-06-11,paid_search,DE
1735,2025-06-12,email,US
1736,2025-03-05,social,DE
1737,2025-01-25,email,US
1738,2025-01-24,paid_search,IN
1739,2025-01-12,social,IN
1740,2025-01-18,organic,IN
1741,2025-01-15,social,SG
1742,2025-01-27,paid_search,UK
1743,2025-03-13,paid_search,UK
1744,2025-03-01,social,IN
1745,2025-06-23,referral,IN
1746,2025-05-25,organic,UK
1747,2025-04-03,email,US
1748,2025-02-22,organic,IN
1749,2025-01-08,paid_search,US
1750,2025-03-20,organic,IN
1751,2025-01-27,paid_search,IN
1752,2025-06-23,paid_search,US
1753,2025-02-19,organic,IN
1754,2025-05-11,paid_search,SG
1755,2025-04-03,referral,IN
1756,2025-06-21,organic,IN
1757,2025-06-30,email,IN
1758,2025-01-24,paid_search,UK
1759,2025-03-01,social,US
1760,2025-05-02,organic,US
1761,2025-05-11,organic,IN
1762,2025-05-28,organic,IN
1763,2025-02-15,organic,US
1764,2025-01-15,organic,DE
1765,2025-06-02,social,DE
1766,2025-01-17,email,IN
1767,2025-05-06,email,US
1768,2025-03-25,social,SG
1769,2025-01-09,organic,IN
1770,2025-06-15,organic,DE
1771,2025-06-25,paid_search,IN
1772,2025-03-04,organic,SG
1773,2025-04-27,paid_search,UK
1774,2025-05-10,paid_search,SG
1775,2025-03-29,paid_search,UK
1776,2025-03-13,paid_search,IN
1777,2025-05-19,email,SG
1778,2025-03-05,email,IN
1779,2025-03-13,paid_search,IN
1780,2025-01-21,referral,UK
1781,2025-01-18,referral,UK
1782,2025-03-05,paid_search,SG
1783,2025-03-23,paid_search,IN
1784,2025-04-20,paid_search,UK
1785,2025-04-05,referral,UK
1786,2025-06-15,email,IN
1787,2025-02-01,organic,IN
1788,2025-01-11,paid_search,IN
1789,2025-02-14,social,IN
1790,2025-02-02,paid_search,SG
1791,2025-04-12,organic,US
1792,2025-06-18,email,UK
1793,2025-05-16,social,SG
1794,2025-01-11,email,IN
1795,2025-06-28,email,DE
1796,2025-03-29,social,US
1797,2025-02-10,paid_search,DE
1798,2025-05-25,social,IN
1799,2025-03-17,organic,SG
1800,2025-05-01,social,IN
1801,2025-02-15,organic,IN
1802,2025-06-09,social,UK
1803,2025-03-21,organic,IN
1804,2025-02-23,organic,US
1805,2025-03-27,organic,US
1806,2025-04-02,organic,UK
1807,2025-05-28,social,IN
1808,2025-06-10,social,IN
1809,2025-06-17,paid_search,IN
1810,2025-06-09,organic,US
1811,2025-04-07,organic,IN
1812,2025-01-02,organic,IN
1813,2025-02-02,organic,IN
1814,2025-06-07,email,IN
1815,2025-06-10,organic,US
1816,2025-03-18,paid_search,DE
1817,2025-04-26,organic,IN
1818,2025-06-03,organic,US
1819,2025-05-30,paid_search,UK
1820,2025-04-13,social,US
1821,2025-06-15,organic,UK
1822,2025-04-13,organic,US
1823,2025-03-31,paid_search,US
1824,2025-06-23,organic,IN
1825,2025-05-02,organic,UK
1826,2025-05-23,referral,UK
1827,2025-04-16,social,IN
1828,2025-04-29,social,IN
1829,2025-06-21,paid_search,SG
1830,2025-02-18,paid_search,US
1831,2025-04-14,paid_search,US
1832,2025-03-02,social,SG
1833,2025-05-03,social,UK
1834,2025-05-14,organic,US
1835,2025-01-09,paid_search,UK
1836,2025-01-06,paid_search,DE
1837,2025-03-14,email,US
1838,2025-04-13,social,US
1839,2025-06-09,paid_search,IN
1840,2025-02-10,organic,SG
1841,2025-04-24,social,UK
1842,2025-01-08,organic,IN
1843,2025-03-13,paid_search,DE
1844,2025-06-27,organic,US
1845,2025-04-02,social,IN
1846,2025-03-03,organic,US
1847,2025-03-25,paid_search,US
1848,2025-03-03,email,DE
1849,2025-04-21,organic,IN
1850,2025-05-07,paid_search,DE
1851,2025-01-07,paid_search,US
1852,2025-03-25,organic,IN
1853,2025-05-12,email,SG
1854,2025-05-14,organic,US
1855,2025-02-27,paid_search,IN
1856,2025-01-22,social,US
1857,2025-06-03,social,DE
1858,2025-05-07,social,IN
1859,2025-01-03,organic,IN
1860,2025-05-07,organic,IN
1861,2025-02-10,social,IN
1862,2025-04-16,paid_search,UK
1863,2025-01-14,email,US
1864,2025-01-12,email,IN
1865,2025-03-28,email,IN
1866,2025-01-12,paid_search,IN
1867,2025-05-21,paid_search,SG
1868,2025-01-25,email,IN
1869,2025-02-14,paid_search,SG
1870,2025-05-02,organic,US
1871,2025-05-27,email,IN
1872,2025-02-24,email,DE
1873,2025-04-10,paid_search,US
1874,2025-06-22,organic,UK
1875,2025-05-16,paid_search,SG
1876,2025-04-29,email,IN
1877,2025-02-22,referral,IN
1878,2025-02-01,organic,UK
1879,2025-02-20,organic,IN
1880,2025-02-13,email,IN
1881,2025-03-23,paid_search,IN
1882,2025-05-26,paid_search,IN
1883,2025-05-30,referral,UK
1884,2025-02-06,organic,IN
1885,2025-04-06,social,US
1886,2025-02-25,organic,US
1887,2025-04-15,paid_search,US
1888,2025-02-28,email,IN
1889,2025-05-11,paid_search,UK
1890,2025-06-05,referral,IN
1891,2025-02-04,social,UK
1892,2025-04-03,paid_search,DE
1893,2025-07-01,organic,US
1894,2025-04-07,paid_search,US
1895,2025-05-15,paid_search,US
1896,2025-03-17,organic,IN
1897,2025-02-18,paid_search,DE
1898,2025-04-04,paid_search,DE
1899,2025-06-08,social,IN
1900,2025-01-24,social,US
1901,2025-05-28,social,SG
1902,2025-02-06,organic,SG
1903,2025-01-04,organic,US
1904,2025-04-18,social,US
1905,2025-05-06,paid_search,IN
1906,2025-01-20,organic,SG
1907,2025-06-01,email,IN
1908,2025-02-19,email,US
1909,2025-06-26,paid_search,IN
1910,2025-06-28,organic,IN
1911,2025-04-06,email,US
1912,2025-04-15,social,SG
1913,2025-06-13,email,IN
1914,2025-04-27,email,US
1915,2025-04-08,email,IN
1916,2025-03-07,paid_search,IN
1917,2025-03-20,organic,US
1918,2025-06-11,social,US
1919,2025-06-13,social,IN
1920,2025-01-06,social,IN
1921,2025-02-08,organic,IN
1922,2025-06-19,organic,IN
1923,2025-04-25,email,SG
1924,2025-05-05,social,SG
1925,2025-01-12,referral,IN
1926,2025-05-11,email,US
1927,2025-01-18,social,SG
1928,2025-02-09,social,IN
1929,2025-01-21,email,DE
1930,2025-05-23,social,SG
1931,2025-04-09,social,IN
1932,2025-01-26,organic,IN
1933,2025-01-08,paid_search,SG
1934,2025-04-10,social,US
1935,2025-03-28,organic,IN
1936,2025-02-11,organic,IN
1937,2025-06-21,paid_search,US
1938,2025-01-14,organic,UK
1939,2025-03-19,organic,UK
1940,2025-01-02,paid_search,SG
1941,2025-04-29,referral,IN
1942,2025-02-06,paid_search,US
1943,2025-03-10,organic,US
1944,2025-06-15,organic,US
1945,2025-02-10,social,IN
1946,2025-03-03,paid_search,SG
1947,2025-03-01,email,DE
1948,2025-05-05,social,US
1949,2025-04-21,email,US
1950,2025-01-14,organic,IN
1951,2025-03-25,social,US
1952,2025-05-10,organic,UK
1953,2025-03-11,referral,US
1954,2025-05-25,social,SG
1955,2025-05-03,paid_search,US
1956,2025-03-30,organic,IN
1957,2025-01-28,organic,UK
1958,2025-03-07,social,IN
1959,2025-06-12,organic,IN
1960,2025-01-05,social,IN
1961,2025-06-17,organic,US
1962,2025-06-13,social,UK
1963,2025-02-14,email,US
1964,2025-05-31,email,UK
1965,2025-02-16,email,US
1966,2025-01-31,organic,IN
1967,2025-05-19,organic,DE
1968,2025-01-10,social,IN
1969,2025-04-28,paid_search,IN
1970,2025-01-14,paid_search,US
1971,2025-03-21,organic,IN
1972,2025-04-03,organic,IN
1973,2025-01-10,organic,US
1974,2025-03-17,email,US
1975,2025-04-04,organic,US
1976,2025-04-15,social,SG
1977,2025-01-01,organic,US
1978,2025-05-13,social,DE
1979,2025-01-20,paid_search,IN
1980,2025-01-08,email,US
1981,2025-06-20,email,DE
1982,2025-01-01,paid_search,US
1983,2025-02-26,referral,UK
1984,2025-03-05,referral,IN
1985,2025-04-28,email,IN
1986,2025-01-28,email,US
1987,2025-05-01,organic,IN
1988,2025-04-17,social,DE
1989,2025-06-14,organic,IN
1990,2025-06-24,organic,SG
1991,2025-06-14,referral,SG
1992,2025-02-18,paid_search,IN
1993,2025-04-30,social,IN
1994,2025-02-13,email,DE
1995,2025-02-25,email,SG
1996,2025-06-05,referral,US
1997,2025-04-21,organic,IN
1998,2025-05-14,organic,US
1999,2025-04-18,paid_search,UK
2000,2025-05-28,organic,IN
